,sequence,Measured Expression,Predicted Expression
0,TGCATTTTTTTCACATCCATGTTCAAATGCATTATATTACATCAAATGAACTTAAAATGCGATGTTTGGGTGCAAAATATCTATAGATGATAGAGACGGTTACGGCTGTT,12.2755978899184,13.770309640674164
1,TGCATTTTTTTCACATCGATGGACATAATCTTTACAGCACAGTATGAGTGGTTAAACTGCGATGTTTGGGTGCAAAACTATGGTATATCATACAGCAGGTTACGGCTGTT,11.7690042255725,14.00493721950751
2,TGCATTTTTTTCACATCCATGTTCAAATGCATTATATTACATCAAATGAACTTAAAATGCGATGTTTGGGTGCAAAATATCTGTAGATGATAGAGAAGGTTACGGCTGTT,11.994961775916,13.727690302956502
3,TGCATTTTTTTCACATCCATGTACAAATGCATTATATCACATCAAATGAGCTTAAAATGCGATGTTTGGGTGCAAAATATCTGTAGATGATAGAGCAGGTTACGGCTGTT,12.3734903281107,14.028708141872748
4,TGCATTTTTTTCACATCGATGTACATAAGCTTTACATCACATCAAATGAGCTTAAAATGCGATGTTTGGGTGCAAAACAACTGTATATGATAGAGCAGGTTACGGCTGTT,12.0829285470041,14.187516837350454
5,TGCATTTTTTTCACATCCATGTTCAAATGTATTATATTAAATCAAATGAACTTAAAATGCGATGTTTGGGTGCAAAATATCTATAGATGATAGAGACGGTTACGGCTGTT,11.97566930221,13.848742998735839
6,TGCATTTTTTTCACATCAGAGCCTAATCCTTGCGGCAATGACTTTCATTGTTCCTTCACTGCACTTTGTTGGCGGCTATTTGATGATGATCTTCTTGGGTTACGGCTGTT,3.3814228046097,4.283593896848496
7,TGCATTTTTTTCACATCAGAGCCTAATACTTGCGGGAATGACTTTCAATGTTGCTTCACTGCACTTTGTTGGCGGCTATTTGATGATGATCTTCTTGGGTTACGGCTGTT,3.26601892889404,4.246471535252334
8,TGCATTTTTTTCACATCAGAGCCTAATACTTGCGGGAAGGACTTTCAATGTTGCTTCACTGCAGCTTGTTGGCGGCTATTTGATGATGATTTTCTTGGGTTACGGCTGTT,3.109860976255,4.323040186898948
9,TGCATTTTTTTCACATCAGAGCCTAATACTTGCGGGAATGACTTTCAATGTTGCTTCACTGCACCTTGTTGGCGGCTATTTGATGATGATTTTCTTGGGTTACGGCTGTT,3.39135225384218,4.3692251188154305
10,TGCATTTTTTTCACATCAGAGCCTAATCCTTGCCCCAATGACTTTCATAGTTCCTTCACTGCACTTTTTTGGCGGCTATTTGATGTTGATCTTCCCTGGTTACGGCTGTT,2.80308217022237,4.331681067750553
11,TGCATTTTTTTCACATCAGTGCCTAATCTATGCCCCAATTACGTTCATAGTCCCTCAACTACCCTTTTTTGGCGGCTATGAGATGTGCAACGTCCCTGGTTACGGCTGTT,4.05045562694384,4.427628447892972
12,TGCATTTTTTTCACATCTAATGAAGGACAAGAAATACAAAGAAGCTACGGTCAGCCATGCTGATATCGCTCCAACCCCTGCTCAAAAGGGTGGTAACGGTTACGGCTGTT,3.52358351939665,4.311291609208792
13,TGCATTTTTTTCACATCTAATGAAGGACAAGAAATACACATAAGCTACGGTCAGCCATTCTGAAATCGCTCCAACCCCATCCCAAAAGGGTGATAACGGTTACGGCTGTT,3.10464264000687,4.314207227598242
14,TGCATTTTTTTCACATCTAATGAAGGAAAAGAAATACAAAGAAGCTATGGTCATCCATGCTAATATCGCTACAAACCATGCTCAAGAGGGTGGTAACGGTTACGGCTGTT,2.68264679075689,4.206450334533539
15,TGCATTTTTTTCACATCTAATGAAGGACAAGAAATACAAAGAAGCTATGGTCATCCATGCTAATATCGCTACAAACCATGCTCAAAAGGGTGGTAACGGTTACGGCTGTT,1.78385820355494,4.185447991193269
16,TGCATTTTTTTCACATCTAATGAAGGACAAGAAATACAAAGAAGCTATGGTCATCCATGCTGATATCGCTACAACCCATGCTCAAAAGGGTGGTAACGGTTACGGCTGTT,2.78432241261259,4.197031867132816
17,TGCATTTTTTTCACATCTAACGAAGGGCTAGAAATCCCCATAAGCAACGGTTGGCCTTTGTGCAATCGTACCAACCCCATCCCAAATGGGTGAAGACGGTTACGGCTGTT,3.35297307991094,4.312000754011678
18,TGCATTTTTTTCACATCTAGCTAATTTGATTTTTGATTATTTAAAATATTGGTTTGTTCTTTCTGCAAACATCTCGTTTGGTACGATATTAGTGAAAGGTTACGGCTGTT,11.2856553925203,13.073831417997031
19,TGCATTTTTTTCACATCTAGCGAATTTGATTTTTGATTATTTAAATTATTGATTTGTTAGTTCTGCAAACATCTCGTTTGGTACGAGTGTAGTGAAAGGTTACGGCTGTT,12.0135861252548,12.508079579979455
20,TGCATTTTTTTCACATCTAGCTAATTTGATTTTTGATTATTTAAAATATTGGTTTGTTAGTTCTGCAAACATCTCGTTTGGTACGATATTAGTGAAAGGTTACGGCTGTT,11.4890112947829,12.562637366038109
21,TGCATTTTTTTCACATCTTGCGAAATGGAGCTTCGCTTATCGATATCATTTATGTCTTAGGGAGGTGTATATCTCGTTTGGTACGAGTGTGGTGAAGGGTTACGGCTGTT,12.2530383005053,12.694544922769719
22,TGCATTTTTTTCACATCTAGCGAATTTGATTTTTGATTATTTAAAATATTGGTTTGTTAGTTCTGCAAACATCTCGTTTGGTACGAGATTAGTGAAAGGTTACGGCTGTT,10.9025064664085,12.775601586730488
23,TGCATTTTTTTCACATCTAGCGAATTTGATTTTTGCTTATCTATATTATTGATGTGTTAGGTCTGTAAATATCTCGTTTGGTACGAGTGTAGTGAAGGGTTACGGCTGTT,11.9751144785449,12.815462501295205
24,TGCATTTTTTTCACATCACTGTAGACGGGTTTGAACTCTCATAAGGCCCTACTGTCTTGAAGCCAGACAGTCAAATGATGGTTCGAGCTTTAACTGAGGTTACGGCTGTT,12.7313512843524,15.195983448525217
25,TGCATTTTTTTCACATCACTGTGGACGGGTTGGAACTCTACTACAGCCTTGCCAATATCAAGCCTGACCGTCGAGTGTTGGCTCCAGTTTTAGATGAGGTTACGGCTGTT,12.8685750969496,15.012426217610301
26,TGCATTTTTTTCACATCACTGTAGACGGGTTTGAACTCTCACAAGGTCCTAATGTCTTGAAGCCAGACAGTCAAATGATGGTTCGAGCTTTAACCGAGGTTACGGCTGTT,13.1682171291917,15.504759048986859
27,TGCATTTTTTTCACATCACTGTAGACGGGGTTGAACTCTCACAAGGTCCTAATGTCTTGAAGCCAGACAGTCAAAGGATGGTTCGAGCTTTAACCGAGGTTACGGCTGTT,12.8912943123551,15.42696506930288
28,TGCATTTTTTTCACATCACTGTAGACGGGGATGAACTCTCACAAGGTCCTAATGTCTTGAAGCCAGACAGTCAAAGGAAGGTTCGAGCTTTAACCGAGGTTACGGCTGTT,12.8898540594697,15.324275956376859
29,TGCATTTTTTTCACATCACTGTAGACGGGTTTGAACTCTCCTAAGGCCCTGCCGTTTTCAAGCCAGACAGTCAAGTGATGGTTCCAGCTTTAGCTGAGGTTACGGCTGTT,13.7615727956683,15.419524347588414
30,TGCATTTTTTTCACATCCGGTGTTACAGACGATATGAAACAAGCAAGAAGGGAACAACTCTTAGACGTATCTCTCCTGTACGTTCATACAGTCGCCGGGTTACGGCTGTT,10.2697601992407,12.24990207938725
31,TGCATTTTTTTCACATCCGGTGTTACAGAAGATATGAAACAAGCAAGAATGGAACAACTCCTAGACGTAGCTCTTCTCTACGTTCATACAGTCGCCGGGTTACGGCTGTT,10.2776297783238,11.910859993283374
32,TGCATTTTTTTCACATCCCGTGTTACAGAAGTTTTGAAACAAGCAAGAATGGAACAAGTCCTAGACGTAGCTATTCTCTACCTGCAAACAGTCGCCGGGTTACGGCTGTT,11.364050216502,12.385677919459884
33,TGCATTTTTTTCACATCCGGTGTTACAGAAGATATGAAACAAGCAAGAAGGGAACAACTCTTAGACGTAGCTCTCCTGTACGTTCATACAGTCGCCGGGTTACGGCTGTT,10.5105320810331,12.045903948230986
34,TGCATTTTTTTCACATCCGGTGTTACAGACGATATGAAACAAGCAAGAAGGGAACAACTCTTAGACGTATCTCTCCTGGACGTTCATAGAGTCGCCGGGTTACGGCTGTT,11.1148315798114,11.988556388284017
35,TGCATTTTTTTCACATCCCGTGCTACAGAAGTCTCGTTACAAGCAATAATGCTAGAAGTCCAGGATGCAGCTATTCACTATCTGCAAACGGTCGCCGGGTTACGGCTGTT,10.7242349602912,12.236509795888411
36,TGCATTTTTTTCACATCGAACTCCTATAAAGTTAACTTGAAGAAACTAATAAGTACTATTGTGGCCTGTTAAATCTGTGTTACGTATTAAATGATGTGGTTACGGCTGTT,11.3282429227554,13.704322082994896
37,TGCATTTTTTTCACATCCAACGACCATTGAAACGACTACAAAAGTGACCAGACTAGTATTGTCGCTTATCAAAACTGTTTTACGTAATAAATGATGTGGTTACGGCTGTT,11.8340481080667,12.62876622280637
38,TGCATTTTTTTCACATCGAACTCCTATAAAGTTAAGTTGAAGAAACTAATAAGTACTATTATGGCCTGTTAAATCTGTGTTACGTATTAAATGATGTGGTTACGGCTGTT,11.1370099034748,13.171024879480512
39,TGCATTTTTTTCACATCCAACTACCATAGAGTTAACTTCAAGAGACTACAAACTAGTATTGTCGCCTGTCAAAACTGTGTTACGTAATAAATGATGTGGTTACGGCTGTT,11.1225528522568,12.307800043441812
40,TGCATTTTTTTCACATCGAACTCCTATAAAGTTAACTTGAAGAAACTAATAACTACTATTGTGGCCTGTCAAATCTGTGTTACGTATTAAATGATGTGGTTACGGCTGTT,11.5188950166861,13.744255854902375
41,TGCATTTTTTTCACATCGAACTCCCATAAAGTTAACTTGAAGAAACTACAAACTACTATTGTGGCCTGTCAAAACTGTGTTACGTATTAAATGATGTGGTTACGGCTGTT,11.5166449957157,13.381423638588354
42,TGCATTTTTTTCACATCATGAATCTTAACCATGACCTGCGCCTGATTCGAATATTCCATGATAGAGCCATTCATATACAACGGTTTACTTTCTGCCGGGTTACGGCTGTT,11.2320825938563,12.471628609835838
43,TGCATTTTTTTCACATCATGAATCTAAACCATGACCTGCGCCTGATTCGAATATTCCATGATAGAGCCATTCATATACAACGGTTTAATTTCTGCCGGGTTACGGCTGTT,11.550856423547,12.422230227543887
44,TGCATTTTTTTCACATCATTAATCTTATCCATGAGTTGAGCCTGAGTAGAATATTCCATGAGGGAGCTATGCGTATACAGCGGATTACTTTCTGCCGGGTTACGGCTGTT,11.1052827371814,12.409693907432592
45,TGCATTTTTTTCACATCGTTACACTTATCTATGAGTTAACGCTGAGCAGACTATTCCATAAGGGCGCTATGCGCGTACAGTGCATTACATTCTGCCGGGTTACGGCTGTT,11.9339575432561,12.813894743746857
46,TGCATTTTTTTCACATCATGAATCTTAACCATGACCTGCGCCTGATTCGAATATTCCATGATAGAGCCATTCGTATACAACGGATTACTTTCTGCCGGGTTACGGCTGTT,11.9307203730451,12.691841473793584
47,TGCATTTTTTTCACATCATGAATCTTATCCATGAGCTGCGCCTGATTCGAATATTCCATGATAGAGCCATGCGTATACAGCGGATTACTTTCTGCCGGGTTACGGCTGTT,12.4730017256831,12.872091422906745
48,TGCATTTTTTTCACATCTACTTTTGTAGATGTAGTGAGTACTTTTTCAGCCTACCCATTTTTACATTTAACAACAAAACTAATCAAGGGATTAGCCGGGTTACGGCTGTT,11.1987973163169,13.735319570642844
49,TGCATTTTTTTCACATCTACTTTTGAAGATGAAATGAGTACTTTTTCAGCCTACCCATTTTTACATTTAACAACAAAACTAATTAAGGGATTAGCCGGGTTACGGCTGTT,11.9998121729464,12.75554749274526
50,TGCATTTTTTTCACATCGCCTTTTATATATGTAGTCAGGCCTTTTTCAGGCTACGCAGATTTGAATTTACCGCCAGGAATCACCTAGAGATTAACCGGGTTACGGCTGTT,12.1155420243637,13.21008657107311
51,TGCATTTTTTTCACATCGACTTTTGTAGATGTAGTGAGTACTTTTTCAGCCTACCCATATTTAAATTTACCGACAGAACTAACCAAGGGATTAACCGGGTTACGGCTGTT,11.9689014385491,13.436395166041965
52,TGCATTTTTTTCACATCTACTTTTGAAGATGAAATGAGTACTTTTTCAGCCTACCCATTTTTACATTTAACAACAAAACTAATTATGGAATTAGCCGGGTTACGGCTGTT,12.0,13.372305431751743
53,TGCATTTTTTTCACATCTATTTCTGAAGATGAAATGAGTACTTTTTCAGCCTACCCATTTTTACATTTAACAACAAAACTAATTATGGAATTAGCCGGGTTACGGCTGTT,12.1338619028601,13.41232265843366
54,TGCATTTTTTTCACATCATTGTTATTGGCCAGACGACAGTGATCGCGCTGAGCACTTTTTCGAGTATCGGGTTCACTGTTTTGATGGTCATTACCATGGTTACGGCTGTT,9.07471480540274,7.672728936177408
55,TGCATTTTTTTCACATCAATGTTATTGGCCAGACGACAGTGATCGCGCTGAGCACTTTTTCGAGTATCGGGTTTACTGTTTTGATGGTCATTACCATGGTTACGGCTGTT,8.78279967636444,7.519886594732453
56,TGCATTTTTTTCACATCATTAATATTGGCCAGTCGACAGTCATCGCGCTGAGCTCTTTTTCAACATTCGGGTTCTCTATTTCTATGATCATTACCATGGTTACGGCTGTT,7.83394392788938,6.822710266243762
57,TGCATTTTTTTCACATCCTTAATATTGACCACTTAACTGACATCGCGCTGACTTCTTTTTCAACATTCGGGTGCTATAGATCTAGGATTATTACTATGGTTACGGCTGTT,8.63600936225578,7.931755114422881
58,TGCATTTTTTTCACATCATTGTTATTGGCCAGACGACAGTGATCGCGCTGAGCTCTTTTTCGAGTATCGGGTTCACTGTTTTGATGATCATTACCATGGTTACGGCTGTT,8.12691931546986,7.1698503356057515
59,TGCATTTTTTTCACATCATTGATATTGGCCAGACGACAGTGATCGCGCTGAGCTCTTTTTCAAGATTCGGGTTCACTGTTTTGATGATCATTACCATGGTTACGGCTGTT,8.45732877409657,7.316728089256568
60,TGCATTTTTTTCACATCCAAACCTTGAAAATAATAATGGAGAATAACTAGAAAGACGTTACTATGCCTCTAATACTTCTGCCTCTCTTATCTCTCCTGGTTACGGCTGTT,3.68321500533826,4.2800795235694356
61,TGCATTTTTTTCACATCCCAAGATCGAAACTAACGCTGAAGTATGACGGAGGATACGTGTCTATGAACGTAATACAACTAGGTCTCTTATCGGCTCTGGTTACGGCTGTT,3.90161033478993,4.340997093311755
62,TGCATTTTTTTCACATCCAAACCTTGAAAATAACAATGGAGAATAACTAGAAAGACGTTACTATGCCTGTAATACTTCTGCCTCTCTTATCTCTCCTGGTTACGGCTGTT,3.60748763940619,4.292210933478834
63,TGCATTTTTTTCACATCCCAACATCGAAAATAACAATGGAGAATAACTGAAAAGACGTTACTATGCCTGTAATACTTCTGCGTCTCTTATCTCTCCTGGTTACGGCTGTT,3.81436901873619,4.3147927356982585
64,TGCATTTTTTTCACATCCCAACATCGAAAATAACGATGGAGTATGACGGAGAAGACGTGACTATGCATGTAATACTTCTGGGTCTCTTATCTCTCCTGGTTACGGCTGTT,4.04137267036058,4.301118957920567
65,TGCATTTTTTTCACATCCCAACCTTGAAAATAACAATGGAGAATAACTAAAAAGACGTTACTATGCCTGTAATACTTCTGCCTCTCTTATCTCTCCTGGTTACGGCTGTT,3.08018766476266,4.2781181155903445
66,TGCATTTTTTTCACATCCCCACAAAAATATATGTATATATCTAGTGAGGTGCCATAGTATTACATTAACATTGATTCACGTCACTCTAAACGTCGCTGGTTACGGCTGTT,9.74032004463924,11.130914632499174
67,TGCATTTTTTTCACATCCCCACAAAAATATATCTATATATCTAGTGAAGTGCCAGAGTATTACATTAACATTGATTTACGTCACTCTAAACGTCGCTGGTTACGGCTGTT,9.93622072446711,10.887428263125415
68,TGCATTTTTTTCACATCCCACTTATAATACCTCGAGGTATCGAGAGTATGCCTCGAGGATAACTTTGGCATTGATGTACGTCACTCTAAACGTCGCTGGTTACGGCTGTT,9.19870547355883,10.680590461840035
69,TGCATTTTTTTCACATCCCCACAAAAATACCTCTATATATCTAGTGTATGGCTCGAGTATTACATTAGCATTGATTTACGTCACTCTAAACGTCGCTGGTTACGGCTGTT,10.2005759325298,10.916209452484516
70,TGCATTTTTTTCACATCCTCACATAAATATATGTATATATCTAGTGAGGTGCCATAGTATTGCATTAACAGTGATTCACGTCACTCTAAACGTCGCTGGTTACGGCTGTT,9.75727126519209,10.952051953426153
71,TGCATTTTTTTCACATCCCCACAAAAATATATGTATATATCTAGTGAGGTGCCATAGTATTGCATTAACAGTGATTCACGTCACTCTAAACGTCGCTGGTTACGGCTGTT,9.48573956424418,10.480177243117415
72,TGCATTTTTTTCACATCGGTGTCTGGGTGAAGGAAAAAGGGTGTATTGATAGGGAGTTACCACATGATGATAATCTCATAGCGGTATTATCGACCCAGGTTACGGCTGTT,13.0424485615739,14.922681867474697
73,TGCATTTTTTTCACATCGGTGTATGGGTGAAGGAGAAGAAAGGAAGTGATTAGGAGAAACCTCATGGAGATGAGCACATGCTGCAACTAATAACGTAGGTTACGGCTGTT,11.9760897110285,14.45322182612896
74,TGCATTTTTTTCACATCGGTGTATGGGTGAAGGAGAAGGAAGGAAGTGATTAGGAGAAACCTCATGGAGATGAGCACATGCTGCAACTATTAACGTAGGTTACGGCTGTT,11.7671779461566,14.173693370850359
75,TGCATTTTTTTCACATCGGTGTATGGGTGAAGGAGAAGGAATGAAGTGATTAGGAGTTACCTCATGGAGATGAGCACATGCTGCAACTATTAACCTAGGTTACGGCTGTT,11.67475645047,13.891335401314663
76,TGCATTTTTTTCACATCGGTGTATGGGTGAAGGAGAAGAAAGGAAGTGATTAGGAGAAACCTCATGGAGATGAGCACATGCTACAACTAATAACGTTGGTTACGGCTGTT,12.0752705760776,14.483499571542346
77,TGCATTTTTTTCACATCGGTGTATGGGTGAAGGAGAAGGGGTGTATTGATAAGGAGTTACCTCATGAAGATGAGCACATGGCGCAACTATTAACCTAGGTTACGGCTGTT,12.7206762687881,14.170903155402389
78,TGCATTTTTTTCACATCATATACTTTGTAATGAATGAGAACTTAGTTGGCTTCAAACTTTTTCGTTTAACATGATTATTTTTCTTGTTCGACTAAGAGGTTACGGCTGTT,13.2895672907771,14.177493433224978
79,TGCATTTTTTTCACATCGTATCTTCTGTAATGAATGATAACTTTGATGGCTTCAAACTTTTTCGTTTGACATGATTATTTTTCTTGTTCGACTAAGAGGTTACGGCTGTT,12.3873796371166,13.730772389335172
80,TGCATTTTTTTCACATCGTATCTTCTGCAATGAATGGTAACTTTGATCGATTCATACTTTTTCGTTTGACATGATGATTTTTCTTGTCCGTCTAAGAGGTTACGGCTGTT,12.8856481400627,14.579567939029717
81,TGCATTTTTTTCACATCGTAGCTTCTGCAATCGATGGTACCTTTGACCAATACATCCTATTTCGTTCGTCATGATGATTTTTTTTGCCCCTCTGAGTGGTTACGGCTGTT,13.0791830312023,13.901923118676805
82,TGCATTTTTTTCACATCATATACTTTGTAATGAATGAGAACTTTGATGGCTTCAAACTTTTTCGTTTAACATGATTATTTTTCTTGTTCGACTAAGAGGTTACGGCTGTT,12.9056482238374,14.29243273560708
83,TGCATTTTTTTCACATCATATACTCTGTAATGAATGATAACTTTGATGGCTTCAAACTTTTTCGTTTAACATGATTATTTTTCTTGTTCGACTAAGAGGTTACGGCTGTT,13.0164935361833,14.143996717940457
84,TGCATTTTTTTCACATCGTCAACTAAAGAGGCAAATAATCAATCGAATTAATCATTAATCGAACCAACAAATAAAGACGAGAAAGACAGTCTAATAAGGTTACGGCTGTT,5.59754146194902,4.270955576457334
85,TGCATTTTTTTCACATCGTCAAATAAAGAGGAAAATAATCAAACTAATTATTCATTAATTGAACGAACCAATAATAACGAGAGAATCAGTATCACAAGGTTACGGCTGTT,5.84823626166484,4.395922257001791
86,TGCATTTTTTTCACATCGTCAACTAAAGTAGCAAATAAGCAATCGAGTTAACGATTGCACGTACCAACAAAAAAAGTCGAGAAAGAGTGGCCAATAAGGTTACGGCTGTT,5.10880570917058,4.387345843859539
87,TGCATTTTTTTCACATCGTCAAATAAAGAGGAAAATAATCAAACTAATTATTCATTAATCGAACGAACCAATAATAACGAGAGAGTCAGTATCACAAGGTTACGGCTGTT,5.83247304303606,4.423877840199501
88,TGCATTTTTTTCACATCGTCAAATAAAGAGGAAAATAATCAATCTAATTATTCATTAATCGAACGAACAAATAAAGACGAGAAAGACAGTATCACAAGGTTACGGCTGTT,6.42049130207985,4.563026975242027
89,TGCATTTTTTTCACATCGTCAAATAAAGAGGAAAATAATCAATCTAATTATTCATTAATCGAACGAACCAATAAAAACGAGAGAGTCAGTATCACAAGGTTACGGCTGTT,5.85273259732617,4.426989069515276
90,TGCATTTTTTTCACATCTTTAATCATGTTTGATCTCTAATTAAATTCACTGTTACCAAACGTCACCTTATACGTTATATGTGTGAAATTCAGTGAAAGGTTACGGCTGTT,12.2157809124137,13.511415267985143
91,TGCATTTTTTTCACATCTTCCATCGTGATTGCACTCTAAGTAAATCCACCATTACCAAACGTCACCTTATACGTTATCTGTGTTTAATTCATTTAATGGTTACGGCTGTT,11.7875452354644,13.229388026629621
92,TGCATTTTTTTCACATCTTTAATCATGTTTTATCTATAATTAATCTCGATGTTAATAAAGGTCACCTTATACGTTCTATGAGTGAAATCCAGTGAAAGGTTACGGCTGTT,12.2743687218356,13.115330077315114
93,TGCATTTTTTTCACATCTTTAATCATGTTTGATCTATAATTAAACTCGATGTTACTAAACGTCACCTTATACGTTCTATGAGTGAAATCCAGTGAAAGGTTACGGCTGTT,12.2471266413408,12.650643516599267
94,TGCATTTTTTTCACATCTTTAATCATCTTTTATCTATAATTAATCTCGATGTTGATAAAGGTCACCTTATACGTTCTATGAGTGAAATCCAGTGAAAGGTTACGGCTGTT,12.3793856626854,13.147696399887685
95,TGCATTTTTTTCACATCTTTAATCATCTTCTATCTATAATTAATCTCGATGTTGATAAAGGTCACCTTATACGTTCTATGAGTGAAATCGAGTGAAAGGTTACGGCTGTT,12.5065435765592,13.029907271504445
96,TGCATTTTTTTCACATCCCCTGTGCTAGTAACTATTTTCCAGCGAATTATGTTAGTGGGAATATGATAGTACAGTATTTTTTGGGTCACTACTGCCGGGTTACGGCTGTT,11.6568546767081,12.72772194886539
97,TGCATTTTTTTCACATCACCTGTGCTAGTAACTATTTTGCAGCGAATTATGGTAGTGGGAATATGATAGTACACTATTTTTTGGGTCACTACTGCCGGGTTACGGCTGTT,11.5218686298401,12.550387618141679
98,TGCATTTTTTTCACATCCCATGTGCTACTGACCATTCTCGAGCGAACTATGTCACTGGGGCTATGACTGGCCAGACTTGCATGATTCTTTACTGCCGGGTTACGGCTGTT,11.7311106398236,12.47853945996658
99,TGCATTTTTTTCACATCCCCTGTGCTACTGACTATTTTCCAGCGAATTATGTTACTGGGAATATGATAGTCCAGTCTTTTATGAGTCTCTACTGCCGGGTTACGGCTGTT,11.051138941949,12.133892215626194
100,TGCATTTTTTTCACATCACCTGTACTAGTAACTATTTTGCAGCCAATTATGGTAGTGGGAATATGATAGTACACTATTTTTTGGGTCACTACTGCCGGGTTACGGCTGTT,10.7621199037973,12.43725252850216
101,TGCATTTTTTTCACATCACCTGTACTAGTAACTATTTTGCAGCCAATTATGGTAGTGAAAATATGATAGTACACTATTTTTTGGGTCACTACTGCCGGGTTACGGCTGTT,11.1260544478167,12.556625972920742
102,TGCATTTTTTTCACATCCTTAATCGTTAAAGATGATATGAAGTTTTATCTTTATTGCTGTCATTGTAATATCGTTATTTGTGGAAAGGCTACACATTGGTTACGGCTGTT,12.7869109359223,14.330876685244984
103,TGCATTTTTTTCACATCATTAACCGTCAAAGGTGATATTAGGATCTATCTGTTATGCCGTAATTCTAACTGGTTGGAATTTGGATATGTTGCATATCGGTTACGGCTGTT,13.2332579005654,14.793562318392791
104,TGCATTTTTTTCACATCATTAACCGTTAAAGATGATATGAAGTTTTATCTGTATTGCCGTCATTGTAATATCGTGATTTGTGGAAAGGCTACATATTGGTTACGGCTGTT,13.1677171163436,14.478324933967613
105,TGCATTTTTTTCACATCCTTAATCGTTAAAGATGATATGAAGTTTTGTCTTTATTGCTGTCATTGTTATATCGTTATTTGTGGAAAGGCTACACATTGGTTACGGCTGTT,12.9666146734988,14.216030551949686
106,TGCATTTTTTTCACATCATTAACCGTTAAAGATGATATTAAGATTTATCTGTTATGCCGTCATTGTAATAGCGTGGTATGTGGAAAGGTTACATATTGGTTACGGCTGTT,12.622828931432,14.141575646362485
107,TGCATTTTTTTCACATCATTAACCGTTAAAGATGATATGAAGTTTTATCTTTATTGCTGTCATTGTAATATCGTTATTTGTGGAAAGGCTACACATTGGTTACGGCTGTT,12.6934431269935,14.076218194308197
108,TGCATTTTTTTCACATCAAACGTTTAAAATGATTTAACACTGCAGGATCCATAGTATGGGAGCTATTTGAACAACGATTGTCATATCGGTACGTAAGGGTTACGGCTGTT,11.7241180367026,13.043948647693348
109,TGCATTTTTTTCACATCAAACGTTTAAAATGATTAAACTCTGGTGAAGCAATAATCTAGGAACAATTGGAACAGGAATAGTAATAACGATGGGGAGGGGTTACGGCTGTT,11.058865983197,12.85326354007819
110,TGCATTTTTTTCACATCAAACGTTTAAAATGATTAAACTTTGGTGAAGCAATAATCTAGGAATAATTGGAAAAGGAATAGTAATAACGATGGGGAGAGGTTACGGCTGTT,11.3590962178335,12.841400598437879
111,TGCATTTTTTTCACATCAAACGTTTAAAATGATTAAACTTTGGTAAAGCAATAATCTACGAATAATTGGAAAAGGAATAGTAATAACGATGGGGAGAGGTTACGGCTGTT,11.6279366376594,12.851928484467027
112,TGCATTTTTTTCACATCAAACGTTTAAAATGATTAAACTTTGGTAAAGCAATAATCTACAAATAATTGGAAAAGGAATAGTAATAAAGATGGGGAGAGGTTACGGCTGTT,11.3049074836438,12.931945937784217
113,TGCATTTTTTTCACATCAAACGTTTAAAATGATTAAACACTGGTGAATCCATAATCTAGGAGCAATTGGAACAGGAATTGTAATAACGGTAGGTAGGGGTTACGGCTGTT,11.1155681744829,12.845072166953445
114,TGCATTTTTTTCACATCTATTGGTAATTATTTAACCGTTGGAAGTGATCGTTGTATGAAATAATCATTCTAGATTACAGGTAGTCGATACCTTCTATGGTTACGGCTGTT,12.1588275809408,13.736553288313619
115,TGCATTTTTTTCACATCTATTGGTAATTATTTAACCGTTGGAAGTGATCGTTGTATGAAATTATCATTCTAGATTACAGGTAGTCGATACCTTTTATGGTTACGGCTGTT,12.7738118043614,13.961940789846098
116,TGCATTTTTTTCACATCTATTGGTAATTATTTAACCGTTCGAAGTGATAGGTGTATTAAATAATCGTTCTAGATTACAGGTAGTCGATACCATCTATGGTTACGGCTGTT,12.6146682519881,14.073897356771479
117,TGCATTTTTTTCACATCAACAGGAGATCACTTTACCGTTCGGAGTGATAGGTGTCTTGTGTAATCGTTCCAAATGAATGGTTGTATGTTCCAACTATGGTTACGGCTGTT,13.2218970422216,14.863983576548883
118,TGCATTTTTTTCACATCTATTGGTAATTATTTAACCGTTCGAAGTGATCGTTGTATGAAATAATCGTTCTAGATTACAGGTAGTCGATACCTTCTATGGTTACGGCTGTT,12.9211390829196,14.265113439869495
119,TGCATTTTTTTCACATCTACTGGTGATTATTTAACCGTTCGAAGTGATAGGTGTCTTATATAATCGTTCTAAATTACTGGTAGTATATACCATCTATGGTTACGGCTGTT,12.7660658231807,14.571484748019984
120,TGCATTTTTTTCACATCTGATAATTTCATACAACGATCACTTTCAACGGTTAAATAATTACCAATAGACCTTACTAGAATATTACACTTAACAGGTTGGTTACGGCTGTT,12.0424029923888,15.027202569841796
121,TGCATTTTTTTCACATCAGGTACTTGCATTCATCGATCACTTTCAACGGCTAAATAATTATCAATAGCCACTACTAGAATATGACACTTTACATGTTGGTTACGGCTGTT,12.0400856848421,15.158426592230398
122,TGCATTTTTTTCACATCTGGTAATTTCATTCAACGATCACTTTCAACGGCTAAATAATTACCAATAGCCCCTACTAGAATATGACACTTAACAGGTTGGTTACGGCTGTT,11.8755071265631,15.197532439788308
123,TGCATTTTTTTCACATCTGATAATTTCATACAACGATCACTTTCAACGGCTAAATAATTACCAATAGACCTTACTAGAATATGACACTTAACAGGTTGGTTACGGCTGTT,11.847831596322,15.109877991490848
124,TGCATTTTTTTCACATCACGTACATGGATTTTTCGATCACTCTCAACGGCTCAACAAATATCAATTCCAACTACTAGTATATGGCACTTTCCATGCTGGTTACGGCTGTT,13.1941134316841,15.106976503010298
125,TGCATTTTTTTCACATCTGATAATTTCATACAACGATCACTTCCAACGGTTAAATAATTACCAATAGACCTTACTAGAATATTAAACTTAACAGGTTGGTTACGGCTGTT,12.2181873542155,14.403128649722849
126,TGCATTTTTTTCACATCCACCGCTATTATCTCTATATAACATTCTAACTCACTTTTAACGATATTAGCAGTATTGATTTCTTTCTTTTTCTGCTGAAGGTTACGGCTGTT,13.7090773073408,14.67383915872895
127,TGCATTTTTTTCACATCCAGCGGTATCATTTCCCTAGCCGATCGTACCTCACTTTGAACGATGGTACAAGAAGTGATGGCTACCACACTTCGCTGAAGGTTACGGCTGTT,13.3780661432445,15.484282603193437
128,TGCATTTTTTTCACATCCAGCGCTATCATTTCTCTAGACGATTCTACCTCACTTTTAACGATGGTACCAGTATTGATTTCTACCTTTTTCCGCTGAAGGTTACGGCTGTT,13.5040164737299,15.08705686393944
129,TGCATTTTTTTCACATCCACCGCTATTATCTGTATATAACATTCTAACTCACTTTTAACGATATTAGCATTATTGATTTCTTTCTTTTTCTGCTGAAGGTTACGGCTGTT,13.446337615182,14.55711816314657
130,TGCATTTTTTTCACATCCACCGCTATTATCTCTATATAACATTCTACCTCACTTTTAACGATATTAGCAGTATTGATTTCTATCTTTTTCTGCTGAAGGTTACGGCTGTT,13.279967536263,14.733583062913318
131,TGCATTTTTTTCACATCCACCGCTATTATTTCTATAGAACATTCTACCTCACTTTTAACGATGTTAGCAGTATTGATTTCTATCTTTTTCCGCTGAAGGTTACGGCTGTT,13.3612762699901,15.081578433323369
132,TGCATTTTTTTCACATCTGGGATCAACTGATGTCGTATTAGGGAAGCAGCTCATTCAAAAGTTGAGAGACAAGTCGGATCAAGATGAATGAAGTGCAGGTTACGGCTGTT,3.05396139719835,4.23182897559573
133,TGCATTTTTTTCACATCTGGGTACAATTGATGACTTGAAAAGGAAGAAACTCAAAGAAAGGAATAATGATGACAATGAGGATAATGAAGGAAGTGAAGGTTACGGCTGTT,3.63151627840753,4.245038232618356
134,TGCATTTTTTTCACATCTGGGTACAATTGATGACGTGTAAGGGAAGAAACTCAATGAAAGGAATAAAGACGACAATGAGGAAAATGAATGAAGTGAAGGTTACGGCTGTT,4.2645727644157,4.305534554451613
135,TGCATTTTTTTCACATCTGGGTACAATTGATGACTTGAAAGGGAAGAAACTCAAAGAAAGGAATAATGATGACAATGAGGATAATGAATGAAGTGAAGGTTACGGCTGTT,3.63514431470478,4.264631559105569
136,TGCATTTTTTTCACATCTGGGTTCAATTGATGTCGTGTTAGGGAAGAAACTCATTGAAAGGATTAGAGACGAGAATGAGGAAAATGAATGAAGTGCAGGTTACGGCTGTT,4.20086761947546,4.369120027617991
137,TGCATTTTTTTCACATCTGGGTACAATTGATGACTTGTAAGGGAAGAAACTCAAAGAAAGGAATAAAGATGACAATGAGGATAATGAATGAAGTGAAGGTTACGGCTGTT,3.43246227104207,4.2671100334384455
138,TGCATTTTTTTCACATCAACTGGTAGTTGTTCTTCAAAGGGTGTTTATGCTTATCATAGTACTTGGACATTAGCCGCCGAAACTGGCTCCACTTGAAGGTTACGGCTGTT,3.41911489712887,4.170710937770901
139,TGCATTTTTTTCACATCACCTCTTCGTTGGTGGTAAAAGATAGTCTATTGTTCTTAGAACAGTTGGAGACTAGCCGCCGTATGGAGCTTCACTTGTTGGTTACGGCTGTT,3.61765226455731,4.253215917393854
140,TGCATTTTTTTCACATCAACTGGTAGTAGTTCTTCAAAGGGTGTTTATGCTTATCATAGTACTTGGACATTAGCCGCCGAAACTGGCTCCACTCGAAGGTTACGGCTGTT,3.05081259174282,4.270926875079883
141,TGCATTTTTTTCACATCACCTGGTCGTTGGTCTTAAAAGGGAGTTTATGGTTATTAGAACACTTGGACACTAGCCGCCGAAAGGGGCTCCACTTGATGGTTACGGCTGTT,2.93463801496138,4.199478549170669
142,TGCATTTTTTTCACATCAACTGGTAGTTGTTCTTAAAAGGGAGTTTATGGTTATCATAGCACTTGGACACTAGCCGCCGAAACTGGCTCCACTTGATGGTTACGGCTGTT,3.4147797109373,4.174085778199579
143,TGCATTTTTTTCACATCAACTGGTAGTTGTTCTTCAAAGGGTGTTTATGCTTATCATAGCACTTGGACACTAGCCGCCGAAACTGGCTCCACTTGAAGGTTACGGCTGTT,3.59144845093406,4.189437924218723
144,TGCATTTTTTTCACATCGTAATGCAAGGTCTCAGAAATGGGATATGGTGTTCGAGTGGGTAGTATGCCATCTGGGTTTAATTTGTGCATCTGTGTCAGGTTACGGCTGTT,3.61322563085303,4.414540178215296
145,TGCATTTTTTTCACATCTTAATGCAATACCTGAGAAAGAGAGTTTTACATTGCAAGAGGTAGTGTTAATTCTGGATTTATATTGTACATCTGTGTTTGGTTACGGCTGTT,4.03390777346004,4.239621178794067
146,TGCATTTTTTTCACATCTTAATGCAAGACCTGAGAAATAGAGTTTTACGTTGCAAGAGGTAGTGTGCAATCTGGATTTATATTGTACATCTGTGTTTGGTTACGGCTGTT,3.53042845376811,4.296668036617271
147,TGCATTTTTTTCACATCTTAATGCAAGACCTGAGAAAGAGAGTTTTACATTGCAAGAGGTAGTGTGAATTCTGGATTTATATTGTACATCTGTGTTTGGTTACGGCTGTT,3.85844706220229,4.27929796298344
148,TGCATTTTTTTCACATCTTAATGCAAGGCCTGAGAAATAGGGTATGACGTTGCAGGAGGTAGTGTGCCATCTGGATTTAAATTGTGCATCTGTGTTTGGTTACGGCTGTT,3.61230725848445,4.424596699314756
149,TGCATTTTTTTCACATCTTAATGCAATACCTGATAAAGAGAGTTTTACATTGCAAGAGGTAGTGTTAATTCTGGATTTATATTGTACATATGTGTTTGGTTACGGCTGTT,3.46320720000083,4.194179833333413
150,TGCATTTTTTTCACATCACTACGACTTCTCCATGGGGAGTACTAATCATCATGTCCGACGAGCTTCGTTGCAACTGGTAACCTCGCCCCTTGACCGAGGTTACGGCTGTT,13.8228089693986,15.008900805339913
151,TGCATTTTTTTCACATCACTACAATTTTTTCATGGTCATTACTAATCATCATGTCCGACGAGCTACGTTGCAACTCATAACCTCCACTCGTGTCCAAGGTTACGGCTGTT,13.9171606937,15.021603593440428
152,TGCATTTTTTTCACATCACAAAAATTTTTTCATTATCATCACAGTTCATCATGTTCGACGAGCTACGTGCCAATTCATTTCCTCCACTAGTCTCCAAGGTTACGGCTGTT,13.444306795635,14.912280929845817
153,TGCATTTTTTTCACATCACAAAAATTTTTTCATGATCATCACAGTTCATCATGTCCGACGAGCTACGTGCCAATTCATTTCCTCCACTAGTCTCCAAGGTTACGGCTGTT,14.2173137375771,15.230462192478242
154,TGCATTTTTTTCACATCACTAAAATTTTTTCATGATCATCACAGTTCATCATGTCCGACGAGCTACGTGCCAATTCATTACCTCCACTAGTCTCCAAGGTTACGGCTGTT,13.3299383557081,14.68103128235872
155,TGCATTTTTTTCACATCACTACAATTTTTTCATGGTCATCACAGTTCATCATGTCCGACGAGCTACGTTCCAATTCATTACCTCCACTAGTGTCCAAGGTTACGGCTGTT,13.6098410257412,14.831031304316639
156,TGCATTTTTTTCACATCCACTTTTTGAAATCACTCAAGACGAGAAAGCTCTTTAGCTGAGTACTGACACAAAACTTGAAGTTTGAACTTGTTACAGTGGTTACGGCTGTT,13.1871075538756,15.061513079566987
157,TGCATTTTTTTCACATCCACTTTTTAAAATCACTCAAGACGAGAAAGCTCTTTAGCAAAGTACTGACAAAAAACTTGAAGTTTGAACTTGTTACAGTGGTTACGGCTGTT,13.3247748227502,15.242930070843304
158,TGCATTTTTTTCACATCCGCCTTTTGAAATCACTCATCACGAGAAAGCTCTTTATCTGAGTAGTGCCACAGAACTTCAAGTTAGAGCTTGTGACAGTGGTTACGGCTGTT,12.7226601310895,14.865832828376083
159,TGCATTTTTTTCACATCCACTTTTTAAAATCACTCAAGACGAGAAAGCTCTTTAGCTAAGTACTGACACAAAACTTGAAGTTTGAACTTGTTACAGTGGTTACGGCTGTT,12.6603415968152,14.90350184082279
160,TGCATTTTTTTCACATCCACTTTTTGAAATCACTCATGACGAGAAAGCTCTTTATCTGAGTACTGACACAGAACTTGAAGTTAGAACTTGTTACAGTGGTTACGGCTGTT,12.9460132873177,15.160056830469662
161,TGCATTTTTTTCACATCGGCCTTTTGAGATCACTCTTCACGACAATACTCTATGTCTGGGTAGTGCCACTGGACTACAAGCAAGAGCTTGTGACACAGGTTACGGCTGTT,13.4418603134756,15.294758576686117
162,TGCATTTTTTTCACATCTATACAACACTTTCTATACAAAGCTTATGGTATATGCCAAAATCTGTACGCTTATCGAACCATAGGCCTGTTTTATCACTGGTTACGGCTGTT,11.158988460393,12.089220067081248
163,TGCATTTTTTTCACATCTATACAACACTTTCTATACAAAGCTTATGGTATTTGCCAAAATCTGTACGCTTATCGAACCGTAGGCCTGTTTTATCACTGGTTACGGCTGTT,11.7867569465724,12.710616590243594
164,TGCATTTTTTTCACATCTATACAACACTTTCTATACAAAGTTTATGGTATATCCCAAAATCTGTACGCTTATCGAACCATAGGCCTGTTTTATCACTGGTTACGGCTGTT,11.2974051443569,12.276782244049823
165,TGCATTTTTTTCACATCTATACAACACTTTGTATACGAAGCTTATGGTATTTGCCAAAATCTGTACGCTTATCGAACTGTAGGCCTGGTTTATCACTGGTTACGGCTGTT,11.7927697677387,12.541772789309606
166,TGCATTTTTTTCACATCTATACAACACTTTGTACACGAAGCTCATGGTAATTGTCACAATCTGTACGCCTATCGAACTGCAGGCCTAGTTTATCACTGGTTACGGCTGTT,11.0878348283712,12.375183812744197
167,TGCATTTTTTTCACATCTAGAGGAAACATTGCACTCGAAGCTCATAGTAATTGTCTCCATCTGTACCCCTATCGTCATGCAAGCTTAGTTTATCACTGGTTACGGCTGTT,11.1506346734059,12.266858632405949
168,TGCATTTTTTTCACATCATCAGTTAGACCCATACATCATATTTTTAGCTGTACCAGACATTAACGAGAGACACAGTATCCTATCCTTAGGGAACAATGGTTACGGCTGTT,12.3118754966429,13.632852120662681
169,TGCATTTTTTTCACATCATAAGTTAGACCCATACATCATATTTTTGGTTGTACGAGATATTGTCGATAGACACATTATATTCTTGTTAGGGAACATAGGTTACGGCTGTT,12.8477905698736,14.327780027397761
170,TGCATTTTTTTCACATCATAAGATAGACCCATACATCACAATCTAGCTGGTTTGCGATCATGTTGATTGACACATTATATCCTTGCTAGGGAACATAGGTTACGGCTGTT,12.6353496062938,14.300927018653855
171,TGCATTTTTTTCACATCATAAGTTAGACCCATACATCACAATCTAGGTGGTTTGCGATCATGTTGATTGACACATTATATCCTTGCTAGGGAACATAGGTTACGGCTGTT,12.6852504035533,14.275334221159909
172,TGCATTTTTTTCACATCATAAGTTAGACCCATACATCACAATCTAGGTTGTTTGCGATCATGTTGATAGACACATTATATCCTTGCTAGGGAACATAGGTTACGGCTGTT,12.535120772901,14.18512711650785
173,TGCATTTTTTTCACATCATAAGTTAGACCCATACATCACAATTTAGGTTGTTTGAGATAATGTCGATAGACACATTATATCCTTGCTAGGGAACATAGGTTACGGCTGTT,12.4335833331189,14.496900907014073
174,TGCATTTTTTTCACATCAATGAGCATCGCTAAAGAAAAGCAGAAATAGAAGCAGAAGAGATAGATATAACTACAGAGTTCGAGAAGATCAGTAGACCGGTTACGGCTGTT,4.99815829643901,4.32476006174779
175,TGCATTTTTTTCACATCAATGAGCATCGCTAAAGAAAAGCAAAAATAGAAGCAGCAGAGATAGATATAACTAGAGAGTTCGAGAAGACGACTAGACCGGTTACGGCTGTT,4.21055935244194,4.487618742363772
176,TGCATTTTTTTCACATCAATCAGCATCGCTAAAGAAAAGCAGAAATAGAAGCAGAAGAGATAGATATAACTACAGAGTTAGAGAAGATCAGTAGACCGGTTACGGCTGTT,4.90024438371937,4.278474895790053
177,TGCATTTTTTTCACATCAATGAGCATCGCTAAAGAAAAGCAAAAATAGAAGCAGCAGAGATAGATATAACTACAGAGTTCGAGAAGATCAGTAGACCGGTTACGGCTGTT,5.81381628419782,4.4199007124039875
178,TGCATTTTTTTCACATCAATGAGCATCGCTAAAGAAGAGCTAACATAGAAGAAGCAGAGAGAACTATAACTAGAGTGTTCGAGAAGACGACTAGACCGGTTACGGCTGTT,4.55977869192242,4.246862757104984
179,TGCATTTTTTTCACATCAATGAGCATCCCAAAAGAGGAACTAACAAAAAAGAATCAGCTGGGACTAGTACTCGATTGTTCGAGAAGACGACTAGACTGGTTACGGCTGTT,4.09862478370765,4.324910192029846
180,TGCATTTTTTTCACATCGTCATTATACAACCCTGTTGGGGCAATTCCAGGCCTCATCGAATAAAATATACATGGCCAATGCCCCACCTCCGCCTGTAGGTTACGGCTGTT,4.43273611472236,4.853911020119521
181,TGCATTTTTTTCACATCGTCATTATACAACCCTGTTGGGGCAATCCCAGGCCTCATCGAGTAAAATATGTATGGCCAATGCCCCACCTCCGCCTGTAGGTTACGGCTGTT,4.75350975740478,4.852025560400765
182,TGCATTTTTTTCACATCGTCATTATACAACCCTGTTGGGGCAATTCCAGGCCTCATCGAGTAAAATATGCATGGCCAATGCCCCACCTCCGCCTGTAGGTTACGGCTGTT,4.68313578018262,5.019662799582645
183,TGCATTTTTTTCACATCGTCGTGACACAACCCTGTGGGTGCACCCAAAGGCTACAACTGGTTTAATGTGTAGGGCAATTGTCCCTAAACTGTCTCTAGGTTACGGCTGTT,5.11843403124745,5.004490368342315
184,TGCATTTTTTTCACATCGTCATGATACAACCCTGTTGGGGCACTCCCAGGCTACAACGGGTTAAATATGTAGGGCCATTGCCCCAACACTGCCTGTAGGTTACGGCTGTT,4.56297479586478,4.586347065201443
185,TGCATTTTTTTCACATCGTCATTATACAACCCTGTTGGGGCAATCCCAGGCTTCAACGAGTAAAATATGTATGGCCATTGCCCCACCACCGCCTGTAGGTTACGGCTGTT,5.05835486739518,4.485121280965812
186,TGCATTTTTTTCACATCTGCGCAGTCTTGAACTTTCTTGGTCTTGCCATGTCGTCGGGATATTCTGTTCGTTTATAATTACTACTTGCCACAAAGTGGGTTACGGCTGTT,13.9651115654307,15.014302846135996
187,TGCATTTTTTTCACATCTGCGCTGTCTAGGACTTTGCTGGTCGTGACTTGCCGCCGGGATTTTCTGTTCGTTTATAATTACTACTTGCCACTCCGTGGGTTACGGCTGTT,13.7520235795837,14.680883801434582
188,TGCATTTTTTTCACATCTGCGCAGTCTTGAACTTTCTTGGTCTTGCCATGTGGTCGGGATATTCTGTTCGTTTATAATTACTCCTTGCCACAAAGTGGGTTACGGCTGTT,13.6560583221695,14.252806730777815
189,TGCATTTTTTTCACATCTGCGCTGTCTTGGACTTTGCTGGTCTTGACATGCCGTCGGGATATTCTGTTCGTTTATAATTACTACTTGCCACAAAGTGGGTTACGGCTGTT,13.6112172111212,14.628981113570047
190,TGCATTTTTTTCACATCTGCGCAGTCTTGAACTTTCCTGGTCTTGACATGTCGTCGGGATATTCTGTTCGTTTATAATTACTACTTGCCACAAAGTGGGTTACGGCTGTT,12.8970326839187,13.946713605208783
191,TGCATTTTTTTCACATCTGCGCTGTCTAGGATGTTGCTCCTCGAGACTCGCCGCAAGGAGTGGCTGTTCGTTGATAATTACTACCTCACATTCCGTGGGTTACGGCTGTT,13.0632565461711,14.898176631406347
192,TGCATTTTTTTCACATCGCCCAAACCAGTAGCGGGTAACGAAATAGTGCAACTACACGGATATTACGGGCTGCTGAGGGGCAATGCGTTTTGGCCCGGGTTACGGCTGTT,13.5955219310985,15.113465663672322
193,TGCATTTTTTTCACATCGCCCAAACCAGTCGCGGGTAACGAAAGAGCGCAACCACGCGTATATTCCGGGCCGGTGAGGGGCAATGCGCATTGTCCCGGGTTACGGCTGTT,13.8912775464049,15.344573570510775
194,TGCATTTTTTTCACATCGCCCAAACCACTAGCGGGTAACCACATACTGCAAGTGCACTGAGATAACGGGGTGCGGTGGGGCAATGCGTTCAGGTCCCGGTTACGGCTGTT,14.4824308325649,15.395390463188324
195,TGCATTTTTTTCACATCCGCCAAAACAGTCGCGGGTAACGAAAGAGCGCAACCACGCGTATATTCCGGGCCGGTGAGGGGCAACGCGCATTGTCCCGGGTTACGGCTGTT,13.9875691688253,15.417634030713472
196,TGCATTTTTTTCACATCGCCCAAACCAGTCGCGGGTAACGAAAGAGCGCAACCACGCGTATATTCCGGGCTGCTGAGGGGCAATGCGCTTTGGCCCGGGTTACGGCTGTT,13.5170317867666,15.294228705102391
197,TGCATTTTTTTCACATCCGCCAAACCAGTCGCGGGTAACGAAAGAGCGCAACCACGCGTATATTCCGGGCCGGTGAGGGGCAATGCGCATTGTCCCGGGTTACGGCTGTT,13.7749058780157,15.414956412977045
198,TGCATTTTTTTCACATCGAGCTTTGGGGATCGGAAAATAAGAAAACATACTGTAAACTCTAGCAACTAGTGCACCTTAAGAACACCCGTAGGGAAGCGGTTACGGCTGTT,6.59133835423398,5.48323464295423
199,TGCATTTTTTTCACATCGAGCTTTGGGGATCGGAAAATAAGAAAACATGCAGTAAACTCTAGCAACTAGTGCTCCTTAAGAACACCCGTAGGGACGCGGTTACGGCTGTT,6.99542679374938,5.811804921104902
200,TGCATTTTTTTCACATCGAGCTTTGGGGATCGGAATATAAGAAAACATGCAGTCGACTCTAGCAACTAGTGCTCCTTAAGAACACCCGTAAGGACGCGGTTACGGCTGTT,6.19009803535333,5.147086318036976
201,TGCATTTTTTTCACATCCAGCATGGTGAATCGGACTCAAAGGGTGCATGCACTCGAGTGTAAGCTCTACCACTTCTTAAGAACACCCGTAAAGACGCGGTTACGGCTGTT,5.71184327872224,5.784443677200271
202,TGCATTTTTTTCACATCGAGCTTTGGGGATCGGAAAATAAGAAAACATGCTGTAAACTCTAGCAACTAGTGCACCTTAAGAACACCCGTAGGGACGCGGTTACGGCTGTT,7.00568460010257,5.831802716234359
203,TGCATTTTTTTCACATCCAGCTTTGGGAATCGGACTAAAAGGATGCATGCAGTCGACTCTAGCAACTAGTGCTCCTTAAGAACACCCGTAAAGACGCGGTTACGGCTGTT,6.48329417366062,5.600347301948915
204,TGCATTTTTTTCACATCACACGGCGCACCGAGTCGCACACACACCCCCGTAATTCGCGATATACAGCGGCCAATCAACGGCGACCTCCAAGCGCGTGGGTTACGGCTGTT,13.8797316070555,15.360627796378353
205,TGCATTTTTTTCACATCACACGGCGCACCGGGTCGCACACACACCCCCGTGATTCGCGATATACAGCGGCCAATCAACGGCGACCTCCAAGCGCGTGGGTTACGGCTGTT,13.8427768386149,15.288003597112922
206,TGCATTTTTTTCACATCACAGGGCGCACCGAGTCGCACACACAGCCCCGTAGTTCGCGATATCCGACTGCCAATCAACGGAGACCTACACGCGGGGGGGTTACGGCTGTT,14.0801439593197,15.368778104455359
207,TGCATTTTTTTCACATCAAAGGGTGTACCGAGTCGATCACTCAGACCCGTAGTTCGCGATATCCGATTGCCACTCACCCGAGACCAATGCGCGGAGTGGTTACGGCTGTT,14.7190792113368,15.671129011964329
208,TGCATTTTTTTCACATCACCCGGCGCACCGGGTCGCACACACACCCCCGTGATTCGCGATATATAGCGGCCAATCAACGGCGACCTCCAAGCGCGTGGGTTACGGCTGTT,13.9052069253226,15.417679069798089
209,TGCATTTTTTTCACATCACACGGCGCACCGAGTCGCACACACACCCCCGTAATTCGCGATATCCGGCTGCCAATCAACGGCGACCTCCAAGCGGGTGGGTTACGGCTGTT,14.6385006039903,15.71869028531954
210,TGCATTTTTTTCACATCGCTCTCAATTAGATATTACTACGTTGCAGCACGAGAAGGGTGGGAAAATAATGACTTCCGGTAGGTAAGACTATCTATCAGGTTACGGCTGTT,5.57087189938129,4.970289806970746
211,TGCATTTTTTTCACATCGCTCGTCATCAGGAATTACTATGTTGCATCTCGAGGAGGGTTCTGAAATATCGAATAGCCCTTGGTCAGCCTATACTTCCGGTTACGGCTGTT,5.07353158435936,4.700936210778635
212,TGCATTTTTTTCACATCGCTCGTCATCAGGAATTACTATGTTGCATCTCGAGGAGGGTTCTGAAATATCAAATAGCCCTTGGTCAGCCAATACTTCCGGTTACGGCTGTT,5.66750633113679,4.806106888955105
213,TGCATTTTTTTCACATCGCTCTTCATCAGGAATTACTACGTTGCATCTCGAGAAGGGTGCTGAAATATTGACTAGCCCTAGGTAAGACTATCCATCAGGTTACGGCTGTT,5.33086194178902,4.640805500338148
214,TGCATTTTTTTCACATCGCTCGTCATCAGGAATTACTATGTTGCATCTCGAGAAGGGTGCTGAAATATCGAATAGCCCTAGGTAAGCCTATACTTCCGGTTACGGCTGTT,5.42476480617215,5.125115192817795
215,TGCATTTTTTTCACATCGCTCGTCATCAGGAAATACTATGTTGCATATCGAGGAGGGTTCTGAAATATCAAATAGCCCTTGGTCAGCCAATACTTCCGGTTACGGCTGTT,5.1058434939343,4.76849218834573
216,TGCATTTTTTTCACATCGAGGTCCACCAAAAGCTTTCATAAAGTATGGGCCCATACAGTAACCCATGGATCTGACCGGCTGAACACTAACTACAGTGGGTTACGGCTGTT,4.42545561120504,4.340027428313538
217,TGCATTTTTTTCACATCGAGCTCGATTACTTGCTTTCATAATACGATGGCCCATCAATTAGCCCATGTATCTGAAAGGGTTTAGACTGTGTCCAGTGGGTTACGGCTGTT,3.91879630369553,4.260945860681105
218,TGCATTTTTTTCACATCGAGCTCGATTACTTGCTTTAATAATACGATGGCCCATCATTTAGCCCATGTATCTGAAAGGGTTTAGACTGTGTCCAGTGGGTTACGGCTGTT,3.85409694883609,4.314881489188533
219,TGCATTTTTTTCACATCGAGCTCGACTACATGCTTTCATAATATGATGGCCCATCAATTAGCCCATGTATCTGAACGGGTTTAGACTGTGTCCAGTGGGTTACGGCTGTT,4.48839096940868,4.25605558752297
220,TGCATTTTTTTCACATCGAGCTCGATTACTTGCTTTAATAATACGATGGACCATCATTTAGCCCATGTATCTGAAAGGGTTTAGACTGTGTCCAGTCGGTTACGGCTGTT,3.57257298339938,4.2331655766656775
221,TGCATTTTTTTCACATCGAGGTCGACTAAATGCTTTCATAAAGTGATGGCCCATACAGTAGCCCATGGATCTGAACGGGTTTAGACTGTGTCCAGTGGGTTACGGCTGTT,4.26710679444396,4.379793849112491
222,TGCATTTTTTTCACATCATTAGGAGCAATAAAATGTAAAGCACCAGCCATAGAAAGAATCCCCATTATAAAGCCCGCTGTTTTTTCCTGATGGGAGTGGTTACGGCTGTT,5.34471606536246,5.113956538824186
223,TGCATTTTTTTCACATCATTAGGAGGAATAAAATGTCAAGCACCAGCCATAGAAAGAATCCCTATTCTAAAGCCCGCTGTTTTTTCCTGGTGGGTGTGGTTACGGCTGTT,5.59988769250233,5.192869872228787
224,TGCATTTTTTTCACATCATTAGGAGCAATAAAATGTCAAGCACCAGCCATAGAAAGAATCCCCATTCTAAAGCCCGCTGTTTTTTCCTGATGGGAGTGGTTACGGCTGTT,6.24188996823667,4.684117203591879
225,TGCATTTTTTTCACATCATTAGGAGCAATAAAATATAAAGCACCAGCCATAGAAAGAATCCCCATTATAAAGCCCGCTGTTTTTTCCTGATTGGAGTGGTTACGGCTGTT,5.66402617590151,5.447451973345588
226,TGCATTTTTTTCACATCTGTCAGTGGAATAAAAAGTCCAGTACTACGCAGAGACAGTATGTCTATACTTCAGTCCGCAGTTTTTTCTTCGTGGGTTTGGTTACGGCTGTT,6.36088517700212,5.973070896052135
227,TGCATTTTTTTCACATCATTAAGAGGAATAAAATGTCCAGCACCAGCCAGAGACAGTATGCCTATTCTTAAGTCCGCTGTTTTTTCCTGGTGGGTGTGGTTACGGCTGTT,5.49341757637691,5.641083829305739
228,TGCATTTTTTTCACATCTGGTGGGATCTTGCGGCTTGAGAACTTTGAGCTTAACAACGTGACTCCAATGTAAGCATGTTAGACAGATTTTCAGCTTGGGTTACGGCTGTT,5.82608542866716,5.651272818301129
229,TGCATTTTTTTCACATCAGGTGGGACCTTGCGGGTTGAGAACGGTGAGCATAACATGAAGACTCCAATGCAAGCATGTTAGATAGATTACCTTCTTGGGTTACGGCTGTT,5.47028558914299,4.987828997951717
230,TGCATTTTTTTCACATCATTTGGGACTTAGCGGGTTGAGAACGGTAATTATATCATGAATACTCCACTCCAAGCTTGTTTGATACATCACATTCTTGGGTTACGGCTGTT,6.06853877269494,5.0102363841081665
231,TGCATTTTTTTCACATCATGTGGGACTTAGCGGGTTGAGAACGGTAATCATATCATGAATACTCCACTCCAAGCTTGTTTGATACATCACATTCTTGGGTTACGGCTGTT,6.15295728870108,5.13072388353153
232,TGCATTTTTTTCACATCAGGTGGGACTTAGCGGGTTGAGAACGGTAATCATATCATGAATACTCCACTCCAAGCTTGTTTGATAGATCACATTCTTGGGTTACGGCTGTT,6.03409310193287,5.004555719170975
233,TGCATTTTTTTCACATCAGGTGGGACCTTGCGGGTTGAGAACGGTAATCATATCATGAATACTCCACTCCAAGCATGTTTGATAGATTACATTCTTGGGTTACGGCTGTT,5.87520190978121,4.769813776387473
234,TGCATTTTTTTCACATCTTTTTATATTTGCAAACTGTAATCTTGATAAGGCGCTGCTCGCCAATTTCCGAGTAGTTTGACAAAATAAACACAAACTGGGTTACGGCTGTT,11.8952227997248,12.829018382645518
235,TGCATTTTTTTCACATCTTTTTATCTCTGGAAACTGTAATCTTGATAAGGCGCTGCTCGCCAATTTCCGAATAGTTTGACAAAATAAACACAAACTGGGTTACGGCTGTT,11.4895068507125,12.759030294509124
236,TGCATTTTTTTCACATCTTTTTGTCTCTGGGAACTATAATCCTGGTAATGCGCTGGACGCCACTTTCCGCATAGTTTGACAAAATACACACAACCTGGGTTACGGCTGTT,11.1881224024475,12.444616639616815
237,TGCATTTTTTTCACATCTTTTTATCTCTGGAAACTATAATCTTGATAATGCGCTGCTCGCCACTTTCCGCATAGTTTGACAAAATAAACACAAACTGGGTTACGGCTGTT,11.0596259732825,12.6293859517795
238,TGCATTTTTTTCACATCTTTTTGACTCAGGGGCCAACCGTCCTGGTAGTGCGCTGGACGCAACTTTGCGCATGGGATGACAAAATACATATAACCTGGGTTACGGCTGTT,11.2328651842703,12.890625668565988
239,TGCATTTTTTTCACATCTTTTTATATCTGCAAACTGTAATCTTGATAAGGCGCTGCTCGCCAATTTCCGAATAGTTTGACAAAATAAACACAAACTGGGTTACGGCTGTT,11.2786380268769,12.497628083770294
240,TGCATTTTTTTCACATCGTGCGAAATTGCCGGATGTCGCTTTGAAAAATCTTGTGTGTAGCATTGGGGTAACACTGATTATCCGTATCGTCTTCGTAGGTTACGGCTGTT,13.7866197530882,15.16459915462115
241,TGCATTTTTTTCACATCGTGTGGAATTGCCGGAAGCCGCAGGCAAAAACGATGGGCGCATAAATGGGGTAACACTGTTTGGGCCTGTGGCGCCGGGAGGTTACGGCTGTT,14.2126986712493,15.470315629806084
242,TGCATTTTTTTCACATCGTGTGGAATTGCCGGAAGTCGCAGGCAAAAATGATGGGCGCATAAATGGGGTAACACTGATTGGGCGTATGGCGCCGGTAGGTTACGGCTGTT,13.5499416073774,15.016222305948041
243,TGCATTTTTTTCACATCGTGTGAAATTGCCGGATGTCGCATGCAAAAATGATGTGCGCATAAATGGGGTAACACTGATTGGCCGTATCGCCCCCGTAGGTTACGGCTGTT,14.1353622866632,15.176194511111678
244,TGCATTTTTTTCACATCGTGTGGAATTGCCGGAAGTCGCAGGCAAAAACGATGGGCGCATAAATGGGGTAACACTGTTTGGGCCTATGGCGCCGGGAGGTTACGGCTGTT,13.6136153171577,15.264117869237879
245,TGCATTTTTTTCACATCGTGTGGAATTCCCGGAAGCCGCAGGCAAAAACGATGGGCGCATAAATGGGGTAACACTGTTTGGGCCTGTGGCGCCGGGTGGTTACGGCTGTT,13.8575490334914,15.397998756059213
246,TGCATTTTTTTCACATCTGACGAAAATACGTCAGTGTTATATCTACCTTAAGGCAACATTTGGTGGGCTACACAATAGAGAGTCTAGCTACCGGTCCGGTTACGGCTGTT,5.75206813683442,4.853108264670177
247,TGCATTTTTTTCACATCTGACGAAATTTCGTCATTGTAATATACACTTTAAGAAAACATTTGATGGGCAACACAATAGGGACACTACCTACCGGTGCGGTTACGGCTGTT,6.49002196412057,4.96562252143743
248,TGCATTTTTTTCACATCTGACGAAATTTCGTAATTGTAATAAACACTTAAAGAAAATAATTGATGAGGAACTCAATAGGGACACTACCTACCGGTGCGGTTACGGCTGTT,6.3280229403501,5.119171799887006
249,TGCATTTTTTTCACATCTGACGAAATTTCGTAATTGCAATAAACACTTAAAGAAAATAATTGATGAGGAACTCAATAAGGACACTACGTAGCGGTGCGGTTACGGCTGTT,6.75750952279469,4.988609675418406
250,TGCATTTTTTTCACATCTGACGAAATTTCGTAATGTCAAGAAACACTTAAAGAAAATAAGTGATGAGGAACTCAATAAGGACACTACGTAGCGGTGCGGTTACGGCTGTT,6.04934217002525,5.084983602185724
251,TGCATTTTTTTCACATCTGACGAAATTTCGTAATGTCAATAAACACTTAAAGAAAATAATTGATGAGGAACTCAATAAGGACACTACGTAGCGGTGCGGTTACGGCTGTT,6.58268691952347,5.368047184047082
252,TGCATTTTTTTCACATCCCAATTGTTGTTTGATGAGTATCGGCTAGAAGTACACCCGAGTTCACCCGCCACGGAGAGGGGCGAAACCGGCCATTTCGGGTTACGGCTGTT,13.9189574197257,14.827224618547223
253,TGCATTTTTTTCACATCCCATCTGCTGTTTGATGAGTATCCGTTAGAAGTACACCCGAGTTCACCCGACACGGAGAGGGGCGAAACCGGCCATGACGGGTTACGGCTGTT,13.9513916527399,14.807487785172752
254,TGCATTTTTTTCACATCCCTATTGTTGTTTACTGAGTATCGGCTAAAAGTGCGCCCGAGGTCACCCGCCACGGAGAGGGGCGAAAGCGGCCATTTCGGGTTACGGCTGTT,13.966071676769,15.545636875432677
255,TGCATTTTTTTCACATCCCTATTGTTGTTTAATGAGTATCGGCTAGAAGTACGCCCGAGTTCACCCGCCACGGAGAGGGGCGAAAGCGGCCATTTCGGGTTACGGCTGTT,13.8120323215955,14.975190375183292
256,TGCATTTTTTTCACATCCCATCTGCTTTTTGATGCGTTGCCGTTAGTCTGAGATCCGAGTTCACCCGATACGGGAAGCGGCGAAACCGGGCTTGACGGGTTACGGCTGTT,13.2965345569264,14.90492719538301
257,TGCATTTTTTTCACATCCCTATTGTTGTTTACTGAGTATCGGCTAAAAGTACGCCCGAGTTCACCCGCCACGGAGAGGGGCGAAAGCGGCCATTTCGGGTTACGGCTGTT,13.6703275915888,15.127391572011938
258,TGCATTTTTTTCACATCGTAGGACACCGGACCGTGACCAGCGATTCTAAGCTACCTCTTTTTGCTTACGCGGAACTCACGCTGGGCGATGCGAGAAGGGTTACGGCTGTT,13.1452084045531,14.836530929796059
259,TGCATTTTTTTCACATCTTAGGAAACCGGAGCGTGACCAGCGGTTTTAAACTACATCTTTTTGCCTCTGCGGAACTCGCGCTGGGCGAAGACATATGGGTTACGGCTGTT,13.545548167871,14.434377384813413
260,TGCATTTTTTTCACATCTAAGGAAAACGGAGCGGGAAGAGCGGCTTCTTACTACATTTTTTTGCCACTCCGGAACTCGCGCTGGGCGAAGACATATGGGTTACGGCTGTT,14.0083206610749,14.551193757280863
261,TGCATTTTTTTCACATCTAAGGAAAACGGAGCGGGAAGGGCGGCTTCTTACTACATTTTTTTGCCACTCCGGAACTCGCGCTGGGGGAAGACATATGGGTTACGGCTGTT,13.8255038794929,14.577406946087422
262,TGCATTTTTTTCACATCTAAGGAAAACGGCGCGGGAAGGGCGGCTTCTTACTACATTTTTTTGCCACTCCGGAACTCGCGCAGGGGGAAGACATATGGGTTACGGCTGTT,13.8830518144535,14.849225769822816
263,TGCATTTTTTTCACATCTAAGGAAACCGGAGCGGGACGAGCGGCTTTTTACTACATCTTTTTGCCACTCCGGAACTCGCGCTGGGCGAAGACATATGGGTTACGGCTGTT,14.2250768354375,14.440230699574968
